session_date,service_type,requests,conversions
2026-02-06,AI Cyber Assistant,930,217
2026-02-06,Cyber Awareness Webinar,202,43
2026-02-06,Network Security Audit,1276,221
2026-02-06,Penetration Testing,1632,133
2026-02-06,Schedule Demo,953,437
2026-02-07,AI Cyber Assistant,920,197
2026-02-07,Cyber Awareness Webinar,201,32
2026-02-07,Network Security Audit,1265,238
2026-02-07,Penetration Testing,1629,141
2026-02-07,Schedule Demo,1015,473
2026-02-08,AI Cyber Assistant,909,213
2026-02-08,Cyber Awareness Webinar,170,30
2026-02-08,Network Security Audit,1272,239
2026-02-08,Penetration Testing,1631,117
2026-02-08,Schedule Demo,993,431
2026-02-09,AI Cyber Assistant,912,218
2026-02-09,Cyber Awareness Webinar,191,52
2026-02-09,Network Security Audit,1308,214
2026-02-09,Penetration Testing,1638,130
2026-02-09,Schedule Demo,910,419
2026-02-10,AI Cyber Assistant,926,213
2026-02-10,Cyber Awareness Webinar,172,38
2026-02-10,Network Security Audit,1233,231
2026-02-10,Penetration Testing,1601,158
2026-02-10,Schedule Demo,970,404
2026-02-11,AI Cyber Assistant,934,240
2026-02-11,Cyber Awareness Webinar,130,26
2026-02-11,Network Security Audit,1308,237
2026-02-11,Penetration Testing,1609,161
2026-02-11,Schedule Demo,978,447
2026-02-12,AI Cyber Assistant,950,204
2026-02-12,Cyber Awareness Webinar,164,33
2026-02-12,Network Security Audit,1276,235
2026-02-12,Penetration Testing,1623,116
2026-02-12,Schedule Demo,926,428
2026-02-13,AI Cyber Assistant,1030,256
2026-02-13,Cyber Awareness Webinar,169,36
2026-02-13,Network Security Audit,1314,252
2026-02-13,Penetration Testing,1544,113
2026-02-13,Schedule Demo,958,444
2026-02-14,AI Cyber Assistant,1025,243
2026-02-14,Cyber Awareness Webinar,177,35
2026-02-14,Network Security Audit,1292,227
2026-02-14,Penetration Testing,1555,115
2026-02-14,Schedule Demo,965,439
2026-02-15,AI Cyber Assistant,778,177
2026-02-15,Cyber Awareness Webinar,1311,315
2026-02-15,Network Security Audit,923,160
2026-02-15,Penetration Testing,1226,101
2026-02-15,Schedule Demo,686,321
2026-02-16,AI Cyber Assistant,805,171
2026-02-16,Cyber Awareness Webinar,1350,303
2026-02-16,Network Security Audit,915,172
2026-02-16,Penetration Testing,1142,89
2026-02-16,Schedule Demo,687,290
2026-02-17,AI Cyber Assistant,796,155
2026-02-17,Cyber Awareness Webinar,1353,313
2026-02-17,Network Security Audit,976,175
2026-02-17,Penetration Testing,1191,88
2026-02-17,Schedule Demo,686,309
2026-02-18,AI Cyber Assistant,771,197
2026-02-18,Cyber Awareness Webinar,1319,311
2026-02-18,Network Security Audit,962,171
2026-02-18,Penetration Testing,1207,79
2026-02-18,Schedule Demo,677,304
2026-02-19,AI Cyber Assistant,1035,254
2026-02-19,Cyber Awareness Webinar,172,38
2026-02-19,Network Security Audit,1256,234
2026-02-19,Penetration Testing,1535,120
2026-02-19,Schedule Demo,928,436
2026-02-20,AI Cyber Assistant,1093,248
2026-02-20,Cyber Awareness Webinar,181,41
2026-02-20,Network Security Audit,1316,219
2026-02-20,Penetration Testing,1495,134
2026-02-20,Schedule Demo,840,394
2026-02-21,AI Cyber Assistant,1059,229
2026-02-21,Cyber Awareness Webinar,199,33
2026-02-21,Network Security Audit,1243,215
2026-02-21,Penetration Testing,1528,138
2026-02-21,Schedule Demo,929,432
2026-02-22,AI Cyber Assistant,1129,277
2026-02-22,Cyber Awareness Webinar,202,40
2026-02-22,Network Security Audit,1270,242
2026-02-22,Penetration Testing,1525,125
2026-02-22,Schedule Demo,930,412
2026-02-23,AI Cyber Assistant,1086,269
2026-02-23,Cyber Awareness Webinar,188,43
2026-02-23,Network Security Audit,1308,251
2026-02-23,Penetration Testing,1476,126
2026-02-23,Schedule Demo,882,404
2026-02-24,AI Cyber Assistant,1102,277
2026-02-24,Cyber Awareness Webinar,188,36
2026-02-24,Network Security Audit,1167,193
2026-02-24,Penetration Testing,1419,107
2026-02-24,Schedule Demo,929,428
2026-02-25,AI Cyber Assistant,1108,274
2026-02-25,Cyber Awareness Webinar,172,48
2026-02-25,Network Security Audit,1340,268
2026-02-25,Penetration Testing,1401,119
2026-02-25,Schedule Demo,1008,456
2026-02-26,AI Cyber Assistant,1153,265
2026-02-26,Cyber Awareness Webinar,195,47
2026-02-26,Network Security Audit,1253,210
2026-02-26,Penetration Testing,1481,116
2026-02-26,Schedule Demo,914,421
2026-02-27,AI Cyber Assistant,1150,241
2026-02-27,Cyber Awareness Webinar,187,43
2026-02-27,Network Security Audit,1251,223
2026-02-27,Penetration Testing,1449,132
2026-02-27,Schedule Demo,915,412
2026-02-28,AI Cyber Assistant,1215,252
2026-02-28,Cyber Awareness Webinar,187,42
2026-02-28,Network Security Audit,1254,246
2026-02-28,Penetration Testing,1448,116
2026-02-28,Schedule Demo,900,412
2026-03-01,AI Cyber Assistant,1197,291
2026-03-01,Cyber Awareness Webinar,184,47
2026-03-01,Network Security Audit,1206,213
2026-03-01,Penetration Testing,1424,105
2026-03-01,Schedule Demo,870,409
2026-03-02,AI Cyber Assistant,1202,265
2026-03-02,Cyber Awareness Webinar,182,54
2026-03-02,Network Security Audit,1257,208
2026-03-02,Penetration Testing,1454,98
2026-03-02,Schedule Demo,865,395
2026-03-03,AI Cyber Assistant,1176,278
2026-03-03,Cyber Awareness Webinar,194,40
2026-03-03,Network Security Audit,1311,271
2026-03-03,Penetration Testing,1455,107
2026-03-03,Schedule Demo,962,411
2026-03-04,AI Cyber Assistant,1286,286
2026-03-04,Cyber Awareness Webinar,179,29
2026-03-04,Network Security Audit,1312,251
2026-03-04,Penetration Testing,1356,109
2026-03-04,Schedule Demo,908,425
2026-03-05,AI Cyber Assistant,1261,331
2026-03-05,Cyber Awareness Webinar,187,48
2026-03-05,Network Security Audit,1222,219
2026-03-05,Penetration Testing,1469,134
2026-03-05,Schedule Demo,869,396
2026-03-06,AI Cyber Assistant,1227,268
2026-03-06,Cyber Awareness Webinar,190,45
2026-03-06,Network Security Audit,1331,227
2026-03-06,Penetration Testing,1381,116
2026-03-06,Schedule Demo,895,393
2026-03-07,AI Cyber Assistant,1240,285
2026-03-07,Cyber Awareness Webinar,172,33
2026-03-07,Network Security Audit,1270,221
2026-03-07,Penetration Testing,1385,135
2026-03-07,Schedule Demo,914,422
2026-03-08,AI Cyber Assistant,1184,284
2026-03-08,Cyber Awareness Webinar,187,42
2026-03-08,Network Security Audit,1307,237
2026-03-08,Penetration Testing,1268,92
2026-03-08,Schedule Demo,973,434
2026-03-09,AI Cyber Assistant,1281,299
2026-03-09,Cyber Awareness Webinar,172,30
2026-03-09,Network Security Audit,1323,251
2026-03-09,Penetration Testing,1392,122
2026-03-09,Schedule Demo,908,445
2026-03-10,AI Cyber Assistant,1215,260
2026-03-10,Cyber Awareness Webinar,187,44
2026-03-10,Network Security Audit,1225,222
2026-03-10,Penetration Testing,1303,116
2026-03-10,Schedule Demo,856,427
2026-03-11,AI Cyber Assistant,1302,310
2026-03-11,Cyber Awareness Webinar,170,36
2026-03-11,Network Security Audit,1267,221
2026-03-11,Penetration Testing,1284,96
2026-03-11,Schedule Demo,961,451
2026-03-12,AI Cyber Assistant,1357,315
2026-03-12,Cyber Awareness Webinar,176,51
2026-03-12,Network Security Audit,1287,231
2026-03-12,Penetration Testing,1322,106
2026-03-12,Schedule Demo,861,361
2026-03-13,AI Cyber Assistant,1308,303
2026-03-13,Cyber Awareness Webinar,178,40
2026-03-13,Network Security Audit,1227,236
2026-03-13,Penetration Testing,1218,91
2026-03-13,Schedule Demo,894,403
2026-03-14,AI Cyber Assistant,1353,289
2026-03-14,Cyber Awareness Webinar,188,50
2026-03-14,Network Security Audit,1271,255
2026-03-14,Penetration Testing,1299,97
2026-03-14,Schedule Demo,851,390
2026-03-15,AI Cyber Assistant,1327,308
2026-03-15,Cyber Awareness Webinar,186,33
2026-03-15,Network Security Audit,1238,220
2026-03-15,Penetration Testing,1192,97
2026-03-15,Schedule Demo,875,415
2026-03-16,AI Cyber Assistant,1347,309
2026-03-16,Cyber Awareness Webinar,178,44
2026-03-16,Network Security Audit,1226,226
2026-03-16,Penetration Testing,1231,86
2026-03-16,Schedule Demo,895,400
2026-03-17,AI Cyber Assistant,1342,322
2026-03-17,Cyber Awareness Webinar,190,33
2026-03-17,Network Security Audit,1226,244
2026-03-17,Penetration Testing,1192,101
2026-03-17,Schedule Demo,914,447
2026-03-18,AI Cyber Assistant,1344,311
2026-03-18,Cyber Awareness Webinar,173,35
2026-03-18,Network Security Audit,1255,231
2026-03-18,Penetration Testing,1286,127
2026-03-18,Schedule Demo,902,403
2026-03-19,AI Cyber Assistant,1396,329
2026-03-19,Cyber Awareness Webinar,178,33
2026-03-19,Network Security Audit,1286,254
2026-03-19,Penetration Testing,1203,110
2026-03-19,Schedule Demo,918,412
2026-03-20,AI Cyber Assistant,1435,335
2026-03-20,Cyber Awareness Webinar,153,36
2026-03-20,Network Security Audit,1267,252
2026-03-20,Penetration Testing,1195,97
2026-03-20,Schedule Demo,898,425
2026-03-21,AI Cyber Assistant,1403,298
2026-03-21,Cyber Awareness Webinar,173,37
2026-03-21,Network Security Audit,1204,237
2026-03-21,Penetration Testing,1181,95
2026-03-21,Schedule Demo,918,409
2026-03-22,AI Cyber Assistant,1396,340
2026-03-22,Cyber Awareness Webinar,174,40
2026-03-22,Network Security Audit,1208,210
2026-03-22,Penetration Testing,1218,105
2026-03-22,Schedule Demo,939,448
2026-03-23,AI Cyber Assistant,1401,334
2026-03-23,Cyber Awareness Webinar,188,46
2026-03-23,Network Security Audit,1323,222
2026-03-23,Penetration Testing,1189,97
2026-03-23,Schedule Demo,899,400
2026-03-24,AI Cyber Assistant,1460,339
2026-03-24,Cyber Awareness Webinar,188,37
2026-03-24,Network Security Audit,1261,244
2026-03-24,Penetration Testing,1145,88
2026-03-24,Schedule Demo,891,407
2026-03-25,AI Cyber Assistant,1514,363
2026-03-25,Cyber Awareness Webinar,168,42
2026-03-25,Network Security Audit,1283,225
2026-03-25,Penetration Testing,1207,89
2026-03-25,Schedule Demo,921,426
2026-03-26,AI Cyber Assistant,1458,305
2026-03-26,Cyber Awareness Webinar,191,43
2026-03-26,Network Security Audit,1248,225
2026-03-26,Penetration Testing,1187,102
2026-03-26,Schedule Demo,904,419
2026-03-27,AI Cyber Assistant,1479,337
2026-03-27,Cyber Awareness Webinar,173,37
2026-03-27,Network Security Audit,1232,217
2026-03-27,Penetration Testing,1203,91
2026-03-27,Schedule Demo,895,389
2026-03-28,AI Cyber Assistant,1463,314
2026-03-28,Cyber Awareness Webinar,189,36
2026-03-28,Network Security Audit,1244,240
2026-03-28,Penetration Testing,1161,98
2026-03-28,Schedule Demo,925,431
2026-03-29,AI Cyber Assistant,1482,317
2026-03-29,Cyber Awareness Webinar,198,41
2026-03-29,Network Security Audit,1267,245
2026-03-29,Penetration Testing,1164,94
2026-03-29,Schedule Demo,886,400
2026-03-30,AI Cyber Assistant,1517,354
2026-03-30,Cyber Awareness Webinar,154,36
2026-03-30,Network Security Audit,1261,246
2026-03-30,Penetration Testing,1140,86
2026-03-30,Schedule Demo,944,442
2026-03-31,AI Cyber Assistant,1485,325
2026-03-31,Cyber Awareness Webinar,192,33
2026-03-31,Network Security Audit,1272,237
2026-03-31,Penetration Testing,1051,89
2026-03-31,Schedule Demo,914,408
2026-04-01,AI Cyber Assistant,1535,378
2026-04-01,Cyber Awareness Webinar,143,35
2026-04-01,Network Security Audit,1181,222
2026-04-01,Penetration Testing,1132,84
2026-04-01,Schedule Demo,930,413
2026-04-02,AI Cyber Assistant,1621,374
2026-04-02,Cyber Awareness Webinar,181,44
2026-04-02,Network Security Audit,1252,193
2026-04-02,Penetration Testing,1067,69
2026-04-02,Schedule Demo,910,429
2026-04-03,AI Cyber Assistant,1570,356
2026-04-03,Cyber Awareness Webinar,164,34
2026-04-03,Network Security Audit,1194,219
2026-04-03,Penetration Testing,1096,71
2026-04-03,Schedule Demo,886,398
2026-04-04,AI Cyber Assistant,1555,392
2026-04-04,Cyber Awareness Webinar,197,39
2026-04-04,Network Security Audit,1128,201
2026-04-04,Penetration Testing,1059,89
2026-04-04,Schedule Demo,903,409
2026-04-05,AI Cyber Assistant,1560,349
2026-04-05,Cyber Awareness Webinar,160,35
2026-04-05,Network Security Audit,1189,216
2026-04-05,Penetration Testing,1020,88
2026-04-05,Schedule Demo,922,407
2026-04-06,AI Cyber Assistant,1720,410
2026-04-06,Cyber Awareness Webinar,165,41
2026-04-06,Network Security Audit,1284,247
2026-04-06,Penetration Testing,1056,77
2026-04-06,Schedule Demo,929,424
