session_date,service_type,sessions
2026-02-06,AI Cyber Assistant,930
2026-02-06,Cyber Awareness Webinar,202
2026-02-06,Network Security Audit,1276
2026-02-06,Penetration Testing,1632
2026-02-06,Schedule Demo,953
2026-02-07,AI Cyber Assistant,920
2026-02-07,Cyber Awareness Webinar,201
2026-02-07,Network Security Audit,1265
2026-02-07,Penetration Testing,1629
2026-02-07,Schedule Demo,1015
2026-02-08,AI Cyber Assistant,909
2026-02-08,Cyber Awareness Webinar,170
2026-02-08,Network Security Audit,1272
2026-02-08,Penetration Testing,1631
2026-02-08,Schedule Demo,993
2026-02-09,AI Cyber Assistant,912
2026-02-09,Cyber Awareness Webinar,191
2026-02-09,Network Security Audit,1308
2026-02-09,Penetration Testing,1638
2026-02-09,Schedule Demo,910
2026-02-10,AI Cyber Assistant,926
2026-02-10,Cyber Awareness Webinar,172
2026-02-10,Network Security Audit,1233
2026-02-10,Penetration Testing,1601
2026-02-10,Schedule Demo,970
2026-02-11,AI Cyber Assistant,934
2026-02-11,Cyber Awareness Webinar,130
2026-02-11,Network Security Audit,1308
2026-02-11,Penetration Testing,1609
2026-02-11,Schedule Demo,978
2026-02-12,AI Cyber Assistant,950
2026-02-12,Cyber Awareness Webinar,164
2026-02-12,Network Security Audit,1276
2026-02-12,Penetration Testing,1623
2026-02-12,Schedule Demo,926
2026-02-13,AI Cyber Assistant,1030
2026-02-13,Cyber Awareness Webinar,169
2026-02-13,Network Security Audit,1314
2026-02-13,Penetration Testing,1544
2026-02-13,Schedule Demo,958
2026-02-14,AI Cyber Assistant,1025
2026-02-14,Cyber Awareness Webinar,177
2026-02-14,Network Security Audit,1292
2026-02-14,Penetration Testing,1555
2026-02-14,Schedule Demo,965
2026-02-15,AI Cyber Assistant,778
2026-02-15,Cyber Awareness Webinar,1311
2026-02-15,Network Security Audit,923
2026-02-15,Penetration Testing,1226
2026-02-15,Schedule Demo,686
2026-02-16,AI Cyber Assistant,805
2026-02-16,Cyber Awareness Webinar,1350
2026-02-16,Network Security Audit,915
2026-02-16,Penetration Testing,1142
2026-02-16,Schedule Demo,687
2026-02-17,AI Cyber Assistant,796
2026-02-17,Cyber Awareness Webinar,1353
2026-02-17,Network Security Audit,976
2026-02-17,Penetration Testing,1191
2026-02-17,Schedule Demo,686
2026-02-18,AI Cyber Assistant,771
2026-02-18,Cyber Awareness Webinar,1319
2026-02-18,Network Security Audit,962
2026-02-18,Penetration Testing,1207
2026-02-18,Schedule Demo,677
2026-02-19,AI Cyber Assistant,1035
2026-02-19,Cyber Awareness Webinar,172
2026-02-19,Network Security Audit,1256
2026-02-19,Penetration Testing,1535
2026-02-19,Schedule Demo,928
2026-02-20,AI Cyber Assistant,1093
2026-02-20,Cyber Awareness Webinar,181
2026-02-20,Network Security Audit,1316
2026-02-20,Penetration Testing,1495
2026-02-20,Schedule Demo,840
2026-02-21,AI Cyber Assistant,1059
2026-02-21,Cyber Awareness Webinar,199
2026-02-21,Network Security Audit,1243
2026-02-21,Penetration Testing,1528
2026-02-21,Schedule Demo,929
2026-02-22,AI Cyber Assistant,1129
2026-02-22,Cyber Awareness Webinar,202
2026-02-22,Network Security Audit,1270
2026-02-22,Penetration Testing,1525
2026-02-22,Schedule Demo,930
2026-02-23,AI Cyber Assistant,1086
2026-02-23,Cyber Awareness Webinar,188
2026-02-23,Network Security Audit,1308
2026-02-23,Penetration Testing,1476
2026-02-23,Schedule Demo,882
2026-02-24,AI Cyber Assistant,1102
2026-02-24,Cyber Awareness Webinar,188
2026-02-24,Network Security Audit,1167
2026-02-24,Penetration Testing,1419
2026-02-24,Schedule Demo,929
2026-02-25,AI Cyber Assistant,1108
2026-02-25,Cyber Awareness Webinar,172
2026-02-25,Network Security Audit,1340
2026-02-25,Penetration Testing,1401
2026-02-25,Schedule Demo,1008
2026-02-26,AI Cyber Assistant,1153
2026-02-26,Cyber Awareness Webinar,195
2026-02-26,Network Security Audit,1253
2026-02-26,Penetration Testing,1481
2026-02-26,Schedule Demo,914
2026-02-27,AI Cyber Assistant,1150
2026-02-27,Cyber Awareness Webinar,187
2026-02-27,Network Security Audit,1251
2026-02-27,Penetration Testing,1449
2026-02-27,Schedule Demo,915
2026-02-28,AI Cyber Assistant,1215
2026-02-28,Cyber Awareness Webinar,187
2026-02-28,Network Security Audit,1254
2026-02-28,Penetration Testing,1448
2026-02-28,Schedule Demo,900
2026-03-01,AI Cyber Assistant,1197
2026-03-01,Cyber Awareness Webinar,184
2026-03-01,Network Security Audit,1206
2026-03-01,Penetration Testing,1424
2026-03-01,Schedule Demo,870
2026-03-02,AI Cyber Assistant,1202
2026-03-02,Cyber Awareness Webinar,182
2026-03-02,Network Security Audit,1257
2026-03-02,Penetration Testing,1454
2026-03-02,Schedule Demo,865
2026-03-03,AI Cyber Assistant,1176
2026-03-03,Cyber Awareness Webinar,194
2026-03-03,Network Security Audit,1311
2026-03-03,Penetration Testing,1455
2026-03-03,Schedule Demo,962
2026-03-04,AI Cyber Assistant,1286
2026-03-04,Cyber Awareness Webinar,179
2026-03-04,Network Security Audit,1312
2026-03-04,Penetration Testing,1356
2026-03-04,Schedule Demo,908
2026-03-05,AI Cyber Assistant,1261
2026-03-05,Cyber Awareness Webinar,187
2026-03-05,Network Security Audit,1222
2026-03-05,Penetration Testing,1469
2026-03-05,Schedule Demo,869
2026-03-06,AI Cyber Assistant,1227
2026-03-06,Cyber Awareness Webinar,190
2026-03-06,Network Security Audit,1331
2026-03-06,Penetration Testing,1381
2026-03-06,Schedule Demo,895
2026-03-07,AI Cyber Assistant,1240
2026-03-07,Cyber Awareness Webinar,172
2026-03-07,Network Security Audit,1270
2026-03-07,Penetration Testing,1385
2026-03-07,Schedule Demo,914
2026-03-08,AI Cyber Assistant,1184
2026-03-08,Cyber Awareness Webinar,187
2026-03-08,Network Security Audit,1307
2026-03-08,Penetration Testing,1268
2026-03-08,Schedule Demo,973
2026-03-09,AI Cyber Assistant,1281
2026-03-09,Cyber Awareness Webinar,172
2026-03-09,Network Security Audit,1323
2026-03-09,Penetration Testing,1392
2026-03-09,Schedule Demo,908
2026-03-10,AI Cyber Assistant,1215
2026-03-10,Cyber Awareness Webinar,187
2026-03-10,Network Security Audit,1225
2026-03-10,Penetration Testing,1303
2026-03-10,Schedule Demo,856
2026-03-11,AI Cyber Assistant,1302
2026-03-11,Cyber Awareness Webinar,170
2026-03-11,Network Security Audit,1267
2026-03-11,Penetration Testing,1284
2026-03-11,Schedule Demo,961
2026-03-12,AI Cyber Assistant,1357
2026-03-12,Cyber Awareness Webinar,176
2026-03-12,Network Security Audit,1287
2026-03-12,Penetration Testing,1322
2026-03-12,Schedule Demo,861
2026-03-13,AI Cyber Assistant,1308
2026-03-13,Cyber Awareness Webinar,178
2026-03-13,Network Security Audit,1227
2026-03-13,Penetration Testing,1218
2026-03-13,Schedule Demo,894
2026-03-14,AI Cyber Assistant,1353
2026-03-14,Cyber Awareness Webinar,188
2026-03-14,Network Security Audit,1271
2026-03-14,Penetration Testing,1299
2026-03-14,Schedule Demo,851
2026-03-15,AI Cyber Assistant,1327
2026-03-15,Cyber Awareness Webinar,186
2026-03-15,Network Security Audit,1238
2026-03-15,Penetration Testing,1192
2026-03-15,Schedule Demo,875
2026-03-16,AI Cyber Assistant,1347
2026-03-16,Cyber Awareness Webinar,178
2026-03-16,Network Security Audit,1226
2026-03-16,Penetration Testing,1231
2026-03-16,Schedule Demo,895
2026-03-17,AI Cyber Assistant,1342
2026-03-17,Cyber Awareness Webinar,190
2026-03-17,Network Security Audit,1226
2026-03-17,Penetration Testing,1192
2026-03-17,Schedule Demo,914
2026-03-18,AI Cyber Assistant,1344
2026-03-18,Cyber Awareness Webinar,173
2026-03-18,Network Security Audit,1255
2026-03-18,Penetration Testing,1286
2026-03-18,Schedule Demo,902
2026-03-19,AI Cyber Assistant,1396
2026-03-19,Cyber Awareness Webinar,178
2026-03-19,Network Security Audit,1286
2026-03-19,Penetration Testing,1203
2026-03-19,Schedule Demo,918
2026-03-20,AI Cyber Assistant,1435
2026-03-20,Cyber Awareness Webinar,153
2026-03-20,Network Security Audit,1267
2026-03-20,Penetration Testing,1195
2026-03-20,Schedule Demo,898
2026-03-21,AI Cyber Assistant,1403
2026-03-21,Cyber Awareness Webinar,173
2026-03-21,Network Security Audit,1204
2026-03-21,Penetration Testing,1181
2026-03-21,Schedule Demo,918
2026-03-22,AI Cyber Assistant,1396
2026-03-22,Cyber Awareness Webinar,174
2026-03-22,Network Security Audit,1208
2026-03-22,Penetration Testing,1218
2026-03-22,Schedule Demo,939
2026-03-23,AI Cyber Assistant,1401
2026-03-23,Cyber Awareness Webinar,188
2026-03-23,Network Security Audit,1323
2026-03-23,Penetration Testing,1189
2026-03-23,Schedule Demo,899
2026-03-24,AI Cyber Assistant,1460
2026-03-24,Cyber Awareness Webinar,188
2026-03-24,Network Security Audit,1261
2026-03-24,Penetration Testing,1145
2026-03-24,Schedule Demo,891
2026-03-25,AI Cyber Assistant,1514
2026-03-25,Cyber Awareness Webinar,168
2026-03-25,Network Security Audit,1283
2026-03-25,Penetration Testing,1207
2026-03-25,Schedule Demo,921
2026-03-26,AI Cyber Assistant,1458
2026-03-26,Cyber Awareness Webinar,191
2026-03-26,Network Security Audit,1248
2026-03-26,Penetration Testing,1187
2026-03-26,Schedule Demo,904
2026-03-27,AI Cyber Assistant,1479
2026-03-27,Cyber Awareness Webinar,173
2026-03-27,Network Security Audit,1232
2026-03-27,Penetration Testing,1203
2026-03-27,Schedule Demo,895
2026-03-28,AI Cyber Assistant,1463
2026-03-28,Cyber Awareness Webinar,189
2026-03-28,Network Security Audit,1244
2026-03-28,Penetration Testing,1161
2026-03-28,Schedule Demo,925
2026-03-29,AI Cyber Assistant,1482
2026-03-29,Cyber Awareness Webinar,198
2026-03-29,Network Security Audit,1267
2026-03-29,Penetration Testing,1164
2026-03-29,Schedule Demo,886
2026-03-30,AI Cyber Assistant,1517
2026-03-30,Cyber Awareness Webinar,154
2026-03-30,Network Security Audit,1261
2026-03-30,Penetration Testing,1140
2026-03-30,Schedule Demo,944
2026-03-31,AI Cyber Assistant,1485
2026-03-31,Cyber Awareness Webinar,192
2026-03-31,Network Security Audit,1272
2026-03-31,Penetration Testing,1051
2026-03-31,Schedule Demo,914
2026-04-01,AI Cyber Assistant,1535
2026-04-01,Cyber Awareness Webinar,143
2026-04-01,Network Security Audit,1181
2026-04-01,Penetration Testing,1132
2026-04-01,Schedule Demo,930
2026-04-02,AI Cyber Assistant,1621
2026-04-02,Cyber Awareness Webinar,181
2026-04-02,Network Security Audit,1252
2026-04-02,Penetration Testing,1067
2026-04-02,Schedule Demo,910
2026-04-03,AI Cyber Assistant,1570
2026-04-03,Cyber Awareness Webinar,164
2026-04-03,Network Security Audit,1194
2026-04-03,Penetration Testing,1096
2026-04-03,Schedule Demo,886
2026-04-04,AI Cyber Assistant,1555
2026-04-04,Cyber Awareness Webinar,197
2026-04-04,Network Security Audit,1128
2026-04-04,Penetration Testing,1059
2026-04-04,Schedule Demo,903
2026-04-05,AI Cyber Assistant,1560
2026-04-05,Cyber Awareness Webinar,160
2026-04-05,Network Security Audit,1189
2026-04-05,Penetration Testing,1020
2026-04-05,Schedule Demo,922
2026-04-06,AI Cyber Assistant,1720
2026-04-06,Cyber Awareness Webinar,165
2026-04-06,Network Security Audit,1284
2026-04-06,Penetration Testing,1056
2026-04-06,Schedule Demo,929
