service_type,session_date,total_sessions,ai_chat_sessions,ai_rate_pct,conversions
AI Cyber Assistant,2026-03-14,1428,258.0,18.07,310.0
Cyber Awareness Webinar,2026-03-14,230,44.0,19.13,56.0
Network Security Audit,2026-03-14,1328,208.0,15.66,270.0
Penetration Testing,2026-03-14,1347,233.0,17.3,112.0
Schedule Demo,2026-03-14,899,88.0,9.79,405.0
AI Cyber Assistant,2026-03-15,1360,253.0,18.6,320.0
Cyber Awareness Webinar,2026-03-15,231,43.0,18.61,48.0
Network Security Audit,2026-03-15,1280,205.0,16.02,235.0
Penetration Testing,2026-03-15,1234,221.0,17.91,106.0
Schedule Demo,2026-03-15,923,115.0,12.46,424.0
AI Cyber Assistant,2026-03-16,1401,258.0,18.42,333.0
Cyber Awareness Webinar,2026-03-16,235,52.0,22.13,68.0
Network Security Audit,2026-03-16,1268,217.0,17.11,238.0
Penetration Testing,2026-03-16,1303,232.0,17.81,98.0
Schedule Demo,2026-03-16,961,120.0,12.49,415.0
AI Cyber Assistant,2026-03-17,1408,270.0,19.18,349.0
Cyber Awareness Webinar,2026-03-17,244,55.0,22.54,51.0
Network Security Audit,2026-03-17,1292,212.0,16.41,262.0
Penetration Testing,2026-03-17,1222,228.0,18.66,107.0
Schedule Demo,2026-03-17,986,127.0,12.88,459.0
AI Cyber Assistant,2026-03-18,1416,255.0,18.01,329.0
Cyber Awareness Webinar,2026-03-18,233,50.0,21.46,53.0
Network Security Audit,2026-03-18,1321,217.0,16.43,243.0
Penetration Testing,2026-03-18,1337,234.0,17.5,145.0
Schedule Demo,2026-03-18,956,92.0,9.62,421.0
AI Cyber Assistant,2026-03-19,1459,288.0,19.74,341.0
Cyber Awareness Webinar,2026-03-19,238,44.0,18.49,45.0
Network Security Audit,2026-03-19,1316,210.0,15.96,266.0
Penetration Testing,2026-03-19,1257,221.0,17.58,134.0
Schedule Demo,2026-03-19,966,115.0,11.9,436.0
AI Cyber Assistant,2026-03-20,1504,265.0,17.62,341.0
Cyber Awareness Webinar,2026-03-20,216,44.0,20.37,57.0
Network Security Audit,2026-03-20,1300,214.0,16.46,261.0
Penetration Testing,2026-03-20,1234,214.0,17.34,112.0
Schedule Demo,2026-03-20,931,110.0,11.82,443.0
AI Cyber Assistant,2026-03-21,1436,260.0,18.11,301.0
Cyber Awareness Webinar,2026-03-21,212,47.0,22.17,52.0
Network Security Audit,2026-03-21,1246,217.0,17.42,252.0
Penetration Testing,2026-03-21,1217,221.0,18.16,110.0
Schedule Demo,2026-03-21,960,104.0,10.83,421.0
AI Cyber Assistant,2026-03-22,1435,248.0,17.28,358.0
Cyber Awareness Webinar,2026-03-22,225,49.0,21.78,49.0
Network Security Audit,2026-03-22,1247,200.0,16.04,219.0
Penetration Testing,2026-03-22,1269,224.0,17.65,120.0
Schedule Demo,2026-03-22,972,108.0,11.11,451.0
AI Cyber Assistant,2026-03-23,1431,252.0,17.61,340.0
Cyber Awareness Webinar,2026-03-23,239,43.0,17.99,61.0
Network Security Audit,2026-03-23,1359,215.0,15.82,234.0
Penetration Testing,2026-03-23,1255,214.0,17.05,112.0
Schedule Demo,2026-03-23,935,95.0,10.16,412.0
AI Cyber Assistant,2026-03-24,1511,278.0,18.4,354.0
Cyber Awareness Webinar,2026-03-24,251,49.0,19.52,52.0
Network Security Audit,2026-03-24,1309,206.0,15.74,250.0
Penetration Testing,2026-03-24,1199,227.0,18.93,106.0
Schedule Demo,2026-03-24,954,86.0,9.01,431.0
AI Cyber Assistant,2026-03-25,1568,303.0,19.32,378.0
Cyber Awareness Webinar,2026-03-25,231,53.0,22.94,60.0
Network Security Audit,2026-03-25,1319,215.0,16.3,231.0
Penetration Testing,2026-03-25,1270,230.0,18.11,110.0
Schedule Demo,2026-03-25,972,113.0,11.63,438.0
AI Cyber Assistant,2026-03-26,1509,256.0,16.96,326.0
Cyber Awareness Webinar,2026-03-26,236,46.0,19.49,52.0
Network Security Audit,2026-03-26,1290,192.0,14.88,231.0
Penetration Testing,2026-03-26,1229,234.0,19.04,114.0
Schedule Demo,2026-03-26,949,106.0,11.17,428.0
AI Cyber Assistant,2026-03-27,1530,283.0,18.5,352.0
Cyber Awareness Webinar,2026-03-27,215,35.0,16.28,49.0
Network Security Audit,2026-03-27,1265,176.0,13.91,232.0
Penetration Testing,2026-03-27,1260,242.0,19.21,106.0
Schedule Demo,2026-03-27,955,113.0,11.83,407.0
AI Cyber Assistant,2026-03-28,1505,271.0,18.01,329.0
Cyber Awareness Webinar,2026-03-28,246,47.0,19.11,57.0
Network Security Audit,2026-03-28,1277,211.0,16.52,255.0
Penetration Testing,2026-03-28,1197,198.0,16.54,107.0
Schedule Demo,2026-03-28,991,104.0,10.49,440.0
AI Cyber Assistant,2026-03-29,1521,264.0,17.36,329.0
Cyber Awareness Webinar,2026-03-29,255,44.0,17.25,65.0
Network Security Audit,2026-03-29,1324,227.0,17.15,263.0
Penetration Testing,2026-03-29,1209,220.0,18.2,106.0
Schedule Demo,2026-03-29,934,115.0,12.31,418.0
AI Cyber Assistant,2026-03-30,1562,267.0,17.09,372.0
Cyber Awareness Webinar,2026-03-30,217,44.0,20.28,48.0
Network Security Audit,2026-03-30,1315,222.0,16.88,258.0
Penetration Testing,2026-03-30,1203,187.0,15.54,92.0
Schedule Demo,2026-03-30,989,112.0,11.32,454.0
AI Cyber Assistant,2026-03-31,1551,264.0,17.02,352.0
Cyber Awareness Webinar,2026-03-31,216,33.0,15.28,36.0
Network Security Audit,2026-03-31,1323,237.0,17.91,267.0
Penetration Testing,2026-03-31,1105,200.0,18.1,110.0
Schedule Demo,2026-03-31,953,111.0,11.65,426.0
AI Cyber Assistant,2026-04-01,1586,294.0,18.54,393.0
Cyber Awareness Webinar,2026-04-01,179,32.0,17.88,41.0
Network Security Audit,2026-04-01,1244,209.0,16.8,246.0
Penetration Testing,2026-04-01,1189,188.0,15.81,99.0
Schedule Demo,2026-04-01,981,108.0,11.01,422.0
AI Cyber Assistant,2026-04-02,1621,301.0,18.57,374.0
Cyber Awareness Webinar,2026-04-02,181,33.0,18.23,44.0
Network Security Audit,2026-04-02,1252,180.0,14.38,193.0
Penetration Testing,2026-04-02,1067,191.0,17.9,69.0
Schedule Demo,2026-04-02,910,94.0,10.33,429.0
AI Cyber Assistant,2026-04-03,1570,274.0,17.45,356.0
Cyber Awareness Webinar,2026-04-03,164,27.0,16.46,34.0
Network Security Audit,2026-04-03,1194,189.0,15.83,219.0
Penetration Testing,2026-04-03,1096,180.0,16.42,71.0
Schedule Demo,2026-04-03,886,111.0,12.53,398.0
AI Cyber Assistant,2026-04-04,1555,308.0,19.81,392.0
Cyber Awareness Webinar,2026-04-04,197,33.0,16.75,39.0
Network Security Audit,2026-04-04,1128,198.0,17.55,201.0
Penetration Testing,2026-04-04,1059,189.0,17.85,89.0
Schedule Demo,2026-04-04,903,98.0,10.85,409.0
AI Cyber Assistant,2026-04-05,1560,277.0,17.76,349.0
Cyber Awareness Webinar,2026-04-05,160,30.0,18.75,35.0
Network Security Audit,2026-04-05,1189,210.0,17.66,216.0
Penetration Testing,2026-04-05,1020,185.0,18.14,88.0
Schedule Demo,2026-04-05,922,98.0,10.63,407.0
AI Cyber Assistant,2026-04-06,1720,316.0,18.37,410.0
Cyber Awareness Webinar,2026-04-06,165,33.0,20.0,41.0
Network Security Audit,2026-04-06,1284,237.0,18.46,247.0
Penetration Testing,2026-04-06,1056,190.0,17.99,77.0
Schedule Demo,2026-04-06,929,114.0,12.27,424.0
